ID,name,reputation
1,w,0.32204613492158696
2,B,0.7788825417371371
3,r,0.8506414884851414
4,s,0.26547606240607546
5,q,0.960961196287845
6,W,0.23160796776441117
7,W,0.9794157472481795
8,E,0.23079400360057745
9,H,0.7136896379748295
10,Q,0.22864749499976622
