ID,name,reputation
1,f,0.5460768577656651
2,e,0.42940877368921704
3,f,0.8759880881486738
4,y,0.4603948506819604
5,t,0.7711253050777463
6,J,0.8242727666303443
7,n,0.8318988757971889
8,C,0.6672967537952917
9,Q,0.7624500973706759
10,N,0.5507758015700536
