ID,name,reputation
1,f,0.06993007439892251
2,D,0.7925657382954965
3,R,0.4040281243031939
4,Y,0.032156277097948105
5,j,0.9173274118063507
6,Z,0.1255616561846039
7,X,0.6731678848177056
8,x,0.0804242452561722
9,W,0.9339688693045844
10,S,0.1271958209328229
