ID,name,reputation
1,a,0.16037864679139902
2,s,0.9225605408566246
3,F,0.6312387445346292
4,Q,0.4700362581840377
5,Q,0.9048615935062633
6,H,0.4467874200103539
7,i,0.21073448748629364
8,K,0.37183901848721523
9,z,0.912222005279442
10,i,0.6067402825147878
