agent1_id,agent2_id,score
3,3,0.8924734760324361
2,1,0.5801635921972752
2,1,0.15457190014899524
1,2,0.07982814253011206
2,3,0.9041153266398053
3,2,0.2693795649743721
3,3,0.41335138104445124
2,2,0.4558076955212116
2,2,0.1365469277371687
2,2,0.9713666427845579
3,2,0.46243460756956245
1,3,0.8440089585821512
